{
  "title": "Untitled Project (fork)",
  "description": "",
  "head": "<meta charset=\"UTF-8\" />\n<meta name=\"viewport\" content=\"width=device-width, initial-scale=1.0\" />",
  "htmlAttrs": "lang=\"en\" class=\"\"",
  "tags": [],
  "autoupdate": true,
  "autosave": false,
  "autotest": false,
  "delay": 1500,
  "formatOnsave": false,
  "view": "split",
  "mode": "full",
  "theme": "dark",
  "layout": "responsive",
  "recoverUnsaved": true,
  "showSpacing": false,
  "welcome": true,
  "readonly": false,
  "allowLangChange": true,
  "activeEditor": "script",
  "markup": {
    "language": "html",
    "content": ""
  },
  "style": {
    "language": "css",
    "content": ""
  },
  "script": {
    "language": "react-native",
    "content": "import React, { useState } from 'react';\n\nfunction App() {\n  const [currentScreen, setCurrentScreen] = useState('initial');\n\n  // Стили для контейнера с кнопками\n  const textContainerStyle = {\n    display: 'flex',\n    flexDirection: 'column', // Размещаем элементы вертикально\n    justifyContent: 'center',\n    alignItems: 'center',\n    gap: '20px',\n    padding: '20px',\n  };\n\n  // Общие стили для текста\n  const baseTextStyle = {\n    color: 'white',\n    fontSize: '72px',\n    fontWeight: 'bold',\n    textShadow: '2px 2px 4px rgba(0, 0, 0, 0.5)',\n    cursor: 'pointer',\n    transition: 'transform 0.3s ease',\n  };\n\n  return (\n    <div style={{ \n      width: '100vw', \n      height: '100vh', \n      backgroundColor: currentScreen === 'initial' ? '#1E90FF' : \n                       currentScreen === 'second' ? '#FFD700' : \n                       currentScreen === 'third' ? '#000000' : '#FFA500', // Оранжевый для nature\n      margin: 0,\n      padding: 0,\n      transition: 'background-color 0.5s ease'\n    }}>\n      {currentScreen === 'initial' && (\n        <div style={textContainerStyle}>\n          <h1 \n            style={{...baseTextStyle, color: 'white'}}\n            onClick={() => setCurrentScreen('second')}\n            onMouseOver={(e) => e.target.style.transform = 'scale(1.1)'}\n            onMouseOut={(e) => e.target.style.transform = 'scale(1)'}\n          >\n            собака\n          </h1>\n          \n          <h1 \n            style={{...baseTextStyle, color: 'white'}}\n            onClick={() => setCurrentScreen('third')}\n            onMouseOver={(e) => e.target.style.transform = 'scale(1.1)'}\n            onMouseOut={(e) => e.target.style.transform = 'scale(1)'}\n          >\n            олень\n          </h1>\n\n          {/* Новая кнопка \"природа\" */}\n          <h1 \n            style={{...baseTextStyle, color: 'white', fontSize: '48px'}} // Уменьшен размер\n            onClick={() => setCurrentScreen('nature')}\n            onMouseOver={(e) => e.target.style.transform = 'scale(1.1)'}\n            onMouseOut={(e) => e.target.style.transform = 'scale(1)'}\n          >\n            природа\n          </h1>\n        </div>\n      )}\n\n      {currentScreen === 'second' && (\n        <h1 \n          style={{...baseTextStyle, color: 'black'}}\n          onClick={() => setCurrentScreen('initial')}\n        >\n          привет\n        </h1>\n      )}\n\n      {currentScreen === 'third' && (\n        <h1 \n          style={{...baseTextStyle, color: 'white'}}\n          onClick={() => setCurrentScreen('initial')}\n        >\n          охота\n        </h1>\n      )}\n\n      {/* Новый экран для \"природа\" */}\n      {currentScreen === 'nature' && (\n        <h1 \n          style={{...baseTextStyle, color: 'black', fontSize: '72px'}}\n          onClick={() => setCurrentScreen('initial')}\n        >\n          лес\n        </h1>\n      )}\n    </div>\n  );\n}\n\nexport default App;"
  },
  "stylesheets": [],
  "scripts": [],
  "cssPreset": "",
  "imports": {},
  "types": {},
  "tests": {
    "language": "typescript",
    "content": ""
  },
  "tools": {
    "enabled": "all",
    "active": "",
    "status": ""
  },
  "zoom": 1,
  "processors": [],
  "customSettings": {},
  "useTabs": false,
  "tabSize": 2,
  "lineNumbers": true,
  "wordWrap": false,
  "closeBrackets": true,
  "foldRegions": false,
  "semicolons": true,
  "singleQuote": false,
  "trailingComma": true,
  "emmet": true,
  "enableAI": false,
  "version": "46"
}